<?xml version="1.0" encoding="UTF-8"?>
<project-private xmlns="http://www.netbeans.org/ns/project-private/1">
    <open-files xmlns="http://www.netbeans.org/ns/projectui-open-files/2">
        <group>
            <file>file:/C:/Users/monte/OneDrive/Documentos/NetBeansProjects/Cliente-Servidor/src/cliente/servidor/Conector.java</file>
            <file>file:/C:/Users/monte/OneDrive/Documentos/NetBeansProjects/Cliente-Servidor/src/cliente/servidor/ClienteServidor.java</file>
        </group>
    </open-files>
</project-private>
